lu_assmt,year_lcc,landuse1,landuse2,nyt,rat,nightt,morningt,endt,dayt,dist2s1,dist2s2,dist2s3,dist2s4,dist2s5,dist2s6,dist2rec,dist2tr,dist2ma,dist2res,dist2gov,dist2of,dist2ot,dist2co,num2s1,num2s2,num2s3,num2s4,num2s5,num2s6,num2rec,num2tr,num2ma,num2res,num2gov,num2of,num2ot,num2co,area
co,12.02061844,Other,Other,0,0,1,0,0,0,0,0,1,1,0,1,0,0,0,0,0,1,0,0,0,0,0,0,0,6,0,0,0,0,0,0,0,6,0.080491881
co,14.83720589,Food,Restaurant,0,0,0,0,0,0,0,1,0,0,0,1,0,0,0,1,0,0,0,0,0,0,0,0,0,7,0,0,0,0,0,0,0,7,0.805511395
co,1,Shopping,Other Shopping,0,0,1,0,0,3,0,1,1,1,1,1,0,0,0,1,0,0,0,1,0,0,0,0,2,19,0,0,0,0,0,2,0,19,0.854500305
co,8.187973976,Car,Parking lot,0,0,0,2,0,4,0,1,0,1,0,1,0,0,1,0,1,0,0,1,0,0,0,1,0,7,0,0,0,0,1,0,0,7,6.872205275
co,15.99486542,Residential real estate,Residences,0,0,0,5,26,32,0,1,0,1,0,1,1,0,0,1,1,0,0,1,0,0,0,4,0,21,0,0,0,0,2,1,0,22,3.796194458
co,1.452342629,Healthcare,Clinic,0,0,0,0,1,0,0,1,0,0,1,1,0,0,1,1,0,0,0,0,0,1,0,0,0,8,0,0,1,0,0,1,0,7,3.887238552
co,10.02778816,Shopping,Supermarket,0,0,1,3,1,2,0,1,0,1,1,1,0,0,1,0,0,0,0,0,0,1,0,1,8,6,0,0,1,0,0,9,0,6,3.567739952
co,0.865080774,Car,Auto parts sales,0,0,3,1,0,2,0,1,0,1,1,1,0,0,1,0,1,0,0,0,0,1,0,5,0,24,0,0,4,0,2,1,0,23,3.550636852
co,12.8235321,Shopping,Convenience Store,0,0,0,0,1,0,0,1,0,0,0,1,0,0,0,1,0,0,0,0,0,0,0,0,0,6,0,1,0,0,0,0,0,5,0.966610319
co,4.110679626,Shopping,Other Shopping,0,0,6,10,6,19,0,0,0,1,0,1,0,0,0,0,0,0,0,1,0,0,0,1,0,7,0,1,0,0,0,0,0,7,7.476469316
co,16.26666832,Car,Automotive Maintenance,0,0,0,0,0,0,0,1,0,0,1,1,0,0,0,1,0,0,0,0,0,0,0,0,1,15,0,1,0,0,0,1,0,14,0.966405683
co,4.317933083,Shopping,Other Shopping,0,0,3,4,5,13,0,1,0,1,1,1,0,0,1,0,0,0,0,1,0,0,0,4,1,11,0,1,0,0,0,1,0,14,6.918582653
co,1.018323064,Hotels,Other hotels,0,0,0,0,0,0,0,1,0,1,1,1,0,0,1,1,0,0,0,1,0,0,0,3,2,20,0,1,0,0,0,5,0,19,2.998318865
co,3.154348373,Food,Restaurant,0,0,9,6,7,18,0,1,0,1,1,1,1,0,1,0,1,0,0,1,0,0,0,4,1,29,0,1,0,0,1,7,0,25,4.311243787
co,5,Shopping,Integrated shopping mall,0,0,0,0,0,0,0,1,0,1,1,1,1,0,0,1,1,0,0,1,0,0,0,0,0,32,0,2,0,0,0,1,0,29,0.341800581
co,4.511623859,Food,Restaurant,0,0,5,3,3,14,0,1,0,1,1,1,0,0,1,0,1,0,0,0,0,0,0,0,2,9,0,2,0,0,0,2,0,7,7.965487649
co,1,Living Services,Agency,1,1,26,56,35,132,0,1,1,1,1,1,0,0,0,1,1,1,0,1,0,0,0,5,0,43,0,2,0,0,1,1,0,44,1.723881659
co,1.058441758,Corporate,Agriculture_forestry_animal husbandry and fishery,0,0,3,7,13,12,0,1,0,1,1,1,0,0,1,1,1,0,0,0,0,0,0,2,6,11,0,2,0,0,1,7,0,9,5.114875635
co,5.295621395,Car,Stations,0,0,4,1,1,4,0,1,0,1,1,1,0,0,0,1,0,0,0,0,0,0,0,1,2,7,0,2,1,0,0,2,0,5,3.754078618
co,0.999729216,Healthcare,Clinic,0,0,1,1,1,0,0,1,0,1,0,1,1,0,1,1,0,0,0,0,0,0,0,2,0,9,0,2,1,0,0,2,0,6,1.287337783
co,6.299407482,Healthcare,Clinic,0,0,4,2,0,4,0,1,0,1,1,1,1,0,0,1,1,0,0,0,0,0,0,0,0,48,0,3,0,0,0,0,0,45,1.244081837
co,8.479460716,Food,Restaurant,0,0,0,0,0,1,0,1,0,1,0,1,0,0,1,0,1,0,0,1,0,0,0,2,0,7,0,3,0,0,0,1,0,5,1.161192758
co,16,Shopping,Integrated shopping mall,0,0,2,39,57,120,0,1,0,1,0,1,1,0,0,1,1,0,0,1,0,0,0,2,0,10,0,3,0,0,0,1,0,8,3.121118048
co,1.000252485,Other,Other,0,1,6,6,14,23,0,1,0,1,1,1,1,0,0,1,0,0,0,1,0,0,0,1,1,68,0,3,0,0,0,1,0,66,2.620455605
co,5.945016384,Shopping,Other Shopping,0,0,1,0,3,8,0,1,0,1,1,1,1,0,0,1,1,0,0,1,0,0,0,1,0,16,0,3,0,0,1,2,0,11,2.753864998
co,1.004773974,Living Services,Laundry,0,0,12,9,6,22,0,1,0,1,1,1,1,0,1,1,0,0,0,0,0,0,0,1,0,26,0,4,0,0,0,3,0,20,2.559334823
co,1.580959678,Living Services,Life service establishments,0,0,2,4,0,5,0,1,0,1,0,1,1,0,0,0,0,0,0,1,0,0,0,1,0,15,0,5,0,0,0,0,0,11,0.964957778
co,15.98216629,Other,Other,1,0,4,40,51,127,0,1,1,1,0,1,1,0,0,1,1,0,0,1,0,0,0,20,0,61,0,5,0,0,0,5,0,71,8.686924436
co,15.78047943,Shopping,Other Shopping,1,0,7,51,71,205,0,1,0,1,0,1,1,0,0,1,1,0,0,1,0,0,0,23,0,140,0,6,0,0,1,4,0,152,10.41541829
co,1.02250278,Car,Auto parts sales,0,0,5,8,8,28,0,1,0,1,1,1,0,0,1,1,1,0,0,1,0,0,0,7,4,29,0,6,0,0,5,8,0,21,13.62403648
co,1,Shopping,Fashion shoes and bags,0,1,5,15,6,51,0,1,1,1,1,1,1,0,0,1,1,0,0,1,0,0,0,9,41,243,0,6,1,0,1,53,0,232,3.140216328
co,2.758009434,Shopping,Furniture_home building,0,1,1,4,5,15,0,1,0,1,1,1,1,0,0,1,1,0,0,1,0,1,0,3,1,74,1,3,0,0,0,2,0,73,9.324085107
co,1.70330596,Education School,High school,0,0,37,65,79,173,0,1,0,1,1,1,0,0,1,1,1,0,0,1,0,3,0,48,6,190,1,12,5,0,33,21,0,175,26.20483857
co,11.14824963,Shopping,Furniture_home building,1,0,49,76,82,224,0,1,0,1,1,1,1,0,1,1,1,0,0,1,0,0,0,3,10,334,1,13,0,0,1,12,0,320,20.09110738
co,1,Living Services,Newsstand,0,0,1,3,3,12,0,1,0,1,1,1,1,0,0,1,1,0,0,1,0,0,0,8,6,146,2,4,0,0,0,11,0,143,2.015326056
co,0.999863982,Food,Other dishes,0,0,1,1,3,5,0,1,1,1,1,1,1,0,1,1,1,0,0,1,0,0,0,5,0,176,2,5,0,0,0,2,0,172,2.050147016
co,1.357071996,Healthcare,Clinic,0,1,10,5,12,20,0,1,0,1,1,1,0,0,1,0,0,0,0,1,0,1,0,4,1,37,2,7,1,0,0,3,0,30,6.372128381
co,1.000369191,Recreation,Bar,0,0,65,98,330,489,0,1,1,1,1,1,1,0,0,1,1,0,0,1,0,1,0,4,0,223,5,17,0,0,1,3,0,202,3.49874407
co,5,Healthcare,Clinic,0,0,1,1,1,1,0,1,0,1,1,1,1,0,0,1,0,0,0,1,0,1,0,0,0,13,0,0,0,1,0,1,0,12,0.356999689
co,1,Tourist Attractions,Park,0,0,0,2,0,2,0,1,1,1,1,1,1,0,1,1,1,0,0,1,0,1,0,1,0,39,0,1,0,1,0,0,0,39,0.971790399
co,1.015084267,Car,Automotive Maintenance,0,0,1,3,0,2,0,1,0,1,1,1,0,0,1,1,1,0,0,1,0,1,0,2,0,9,0,2,0,1,0,1,0,8,3.627268636
co,2.05052352,Food,Restaurant,0,0,2,4,3,20,0,1,0,1,1,1,0,0,1,1,0,0,0,1,0,3,0,7,0,25,0,3,2,1,0,5,0,24,4.392321707
co,2.359194994,Living Services,Laundry,0,0,0,0,3,2,0,1,0,1,0,1,1,0,0,1,1,0,0,1,0,1,0,1,0,13,0,4,0,1,0,0,0,10,3.198740098
co,1.006856561,Shopping,Supermarket,0,0,6,2,4,18,0,1,0,1,1,1,1,0,0,1,1,0,0,1,0,1,0,6,0,13,0,5,0,1,5,1,0,8,0.814633091
co,1,Food,Restaurant,1,0,7,32,9,23,0,1,0,1,1,1,1,0,1,1,1,0,0,1,0,2,0,1,0,14,0,6,2,1,0,0,0,8,1.691479634
co,10.78105831,Food,Restaurant,1,0,7,17,6,38,0,1,0,1,1,1,1,0,0,1,0,0,0,1,0,1,0,1,0,18,1,1,0,1,0,1,0,16,4.460839085
co,1.000369191,Shopping,Sports and Outdoor,0,0,6,11,30,60,0,1,0,1,1,1,1,0,0,1,1,0,0,1,0,1,0,12,8,125,4,5,0,1,5,13,0,118,2.049032721
co,1,Living Services,Photographic prints,0,0,4,4,0,10,0,1,1,1,1,1,0,0,1,1,1,0,0,1,0,2,0,20,31,139,0,7,3,2,6,53,0,121,2.441003767
co,1,Living Services,Lottery ticket,2,0,5,4,16,24,0,1,1,1,1,1,1,0,1,1,1,0,0,1,0,2,0,20,18,304,2,8,0,2,6,31,0,295,4.489162193
co,1.003185034,Shopping,Digital Home,0,0,41,16,15,39,0,1,1,1,1,1,0,0,0,1,1,1,0,1,0,2,0,7,1,34,0,15,1,3,4,3,0,18,4.020027778
co,3.802023411,Residential real estate,Residences,2,1,7,13,13,19,0,1,0,1,1,1,0,0,1,1,1,0,0,1,0,3,0,3,2,50,1,4,0,3,2,5,0,43,4.010643352
co,1,Living Services,Ticket outlets,0,0,25,7,17,46,0,1,1,1,1,1,1,0,0,1,1,0,0,1,0,1,2,8,3,67,1,4,1,3,4,4,0,64,3.052237468
co,1.000233173,Infrastructure,Transport facilities,0,1,12,6,25,35,0,1,1,1,1,1,1,0,1,1,1,0,0,1,0,0,4,14,13,121,1,7,1,4,5,25,0,109,3.073857193
co,1.000738263,Residential real estate,Residences,0,0,19,11,16,32,0,1,1,1,1,1,0,0,0,1,1,0,0,1,0,3,0,26,75,217,1,7,5,4,11,77,0,216,3.572382343
co,0.999863982,Recreation,Foot massage bath,0,2,67,83,50,214,0,1,1,1,1,1,1,0,0,1,1,0,0,1,0,3,3,40,4,233,0,17,0,6,25,25,0,210,8.056452856
co,1,Residential real estate,Residences,0,1,29,29,99,166,0,1,1,1,1,1,1,0,1,1,1,1,0,1,0,3,3,43,70,657,3,33,9,9,9,107,0,606,7.033072743
gc,12.70885849,Residential real estate,Residences,0,0,1,3,4,3,0,1,0,1,0,1,0,0,0,1,0,0,0,1,0,1,0,0,0,0,0,0,0,1,0,0,0,0,4.969920792
gc,6.477686882,Residential real estate,Residences,0,0,1,2,0,4,0,1,0,0,0,1,1,0,0,1,0,0,0,0,0,1,0,0,0,2,0,2,0,1,0,0,0,0,6.78660603
gc,13.03797436,Residential real estate,Residences,0,0,0,1,3,4,0,1,1,0,0,1,0,0,0,1,0,1,0,0,0,1,0,0,0,2,0,2,0,1,0,0,0,0,3.860238077
gc,11.57419586,Infrastructure,Transport facilities,0,0,3,5,3,15,0,1,0,0,0,1,0,0,0,1,0,0,0,0,0,1,0,0,0,3,0,3,0,1,0,0,0,0,6.969512637
gc,13.15152836,Residential real estate,Residences,0,0,7,2,2,9,0,1,0,1,1,1,0,0,0,1,0,0,0,1,0,2,0,1,0,6,0,0,0,2,0,0,0,7,8.984181823
gc,6.786662102,Shopping,Furniture_home building,0,0,5,4,5,11,0,1,0,1,1,1,1,0,1,1,0,0,0,1,0,2,0,0,1,6,0,0,0,2,0,3,0,4,2.816448489
gc,1.182700276,Other,Other,1,0,4,3,1,10,0,1,0,1,1,1,1,0,1,1,1,0,0,0,0,4,0,2,4,40,0,1,3,2,1,4,0,39,8.104416485
gc,6.584203243,Residential real estate,Residences,0,0,34,11,13,45,0,1,0,1,1,1,1,0,0,1,0,0,0,0,0,2,0,0,1,3,0,2,0,2,0,1,0,1,13.60545316
gc,6.947820663,Residential real estate,Residences,1,2,8,8,5,22,0,1,0,1,1,1,0,0,0,1,1,0,0,1,0,2,0,2,1,6,0,2,0,2,2,1,0,4,14.33738891
gc,13.09979725,Residential real estate,Residences,0,0,21,5,9,26,0,1,0,1,1,1,0,0,0,1,0,0,0,1,0,2,0,0,1,59,0,5,0,2,0,2,0,53,1.791742894
gc,0.999980569,Healthcare,Pharmacy drugstore,0,1,11,14,25,69,0,1,1,1,1,1,1,0,0,1,1,0,0,1,0,3,0,5,5,42,1,4,0,2,1,14,0,33,2.522334459
gc,6.614815235,Shopping,Furniture_home building,2,0,1,1,0,3,0,1,0,1,1,1,0,0,0,1,1,0,0,0,0,3,0,0,3,2,0,0,0,3,0,3,0,2,2.849874782
gc,9.780684471,Residential real estate,Residences,4,1,40,14,28,43,0,1,0,1,1,1,1,0,1,1,1,0,0,0,0,3,0,1,0,22,0,1,1,3,0,0,0,21,14.31302677
gc,1.006289363,Car,Auto Repair,0,0,3,4,6,12,0,1,0,1,1,1,0,0,1,1,0,0,0,1,0,3,0,7,7,49,0,1,2,3,2,8,0,50,4.932458251
gc,1,Car,Parking lot,0,0,5,0,2,6,0,1,0,1,1,1,0,0,0,1,0,0,0,1,0,3,0,1,1,53,0,2,1,3,0,1,0,51,1.400799325
gc,1,Residential real estate,Residences,4,0,24,16,9,29,0,1,1,1,1,1,0,0,1,1,1,0,0,1,0,2,1,10,1,51,0,4,0,3,7,3,0,48,9.689898689
gc,1.002485871,Residential real estate,Residences,0,1,22,26,26,83,0,1,1,1,1,1,0,0,0,1,1,1,0,1,0,3,0,10,5,108,0,25,1,3,1,16,0,80,8.592652803
gc,1.501090646,Residential real estate,Residences,0,0,12,14,10,44,0,1,0,1,1,1,0,0,1,1,0,0,0,1,0,3,0,1,1,123,0,113,1,3,0,3,0,8,12.44625353
gc,5.1414814,Residential real estate,Residences,0,1,24,14,12,43,0,1,1,1,1,1,1,0,0,1,1,1,0,1,0,3,0,44,7,106,1,2,3,3,41,19,0,91,5.884219815
gc,1.126603246,Residential real estate,Residences,0,3,67,89,45,182,0,1,1,1,1,1,0,0,1,1,1,1,0,1,0,4,0,6,0,105,0,10,0,4,1,9,0,91,11.03421322
gc,4.247297764,Residential real estate,Residences,2,2,51,40,51,130,0,1,0,1,1,1,1,0,0,1,1,0,0,1,0,5,0,8,2,92,1,11,0,5,6,5,0,79,20.94003255
gc,6.609400749,Residential real estate,Residences,3,0,44,17,36,88,0,1,0,1,1,1,0,0,1,1,0,0,0,1,0,6,0,1,6,121,0,9,0,6,0,20,0,99,6.246727298
gc,1.000835299,Residential real estate,Residences,4,5,44,66,73,216,0,1,1,1,1,1,1,0,0,1,1,1,0,1,0,2,4,32,7,200,0,15,1,6,17,20,0,186,10.05307215
gc,1.061331987,Infrastructure,Road accessories,2,1,22,21,13,43,0,1,1,1,1,1,0,0,1,1,1,1,0,1,0,3,3,1,0,39,0,16,0,6,0,0,0,24,5.377967538
gc,1.010408282,Residential real estate,Residences,2,1,43,41,43,101,0,1,1,1,1,1,1,0,0,1,1,1,0,1,0,6,0,6,4,118,0,22,0,6,3,21,0,82,11.13785
gc,13.92997932,Residential real estate,Residences,3,4,56,30,35,82,0,1,1,1,1,1,0,0,0,1,0,1,0,1,0,7,0,2,1,23,0,9,0,7,0,3,0,14,27.92581186
gc,1.000272036,Infrastructure,Transport facilities,1,1,25,35,41,81,0,1,1,1,1,1,0,0,1,1,1,1,0,1,0,7,0,35,5,92,0,10,0,7,12,49,0,61,16.47213854
gc,1.003390431,Residential real estate,Business building,0,1,8,8,6,11,0,1,1,1,1,1,0,0,1,1,1,0,0,1,0,10,0,5,2,97,0,17,1,9,0,9,0,78,3.632112997
gc,1.003332496,Education School,University,0,0,15,4,9,28,0,1,1,1,1,1,0,0,1,1,1,0,0,1,0,9,0,2,0,154,1,12,0,9,0,10,0,133,4.743986741
gc,10.05424404,Residential real estate,Residences,4,1,124,72,74,175,0,1,0,1,1,1,1,0,0,1,1,0,0,1,0,9,0,18,15,429,2,86,2,9,1,32,0,339,33.40776579
gc,9.513295174,Residential real estate,Residences,15,8,119,67,138,284,0,1,0,1,1,1,0,0,1,1,1,0,0,1,0,9,0,10,9,416,3,26,0,9,1,23,0,382,14.57511534
gc,1.093472242,Residential real estate,Residences,5,6,119,53,72,148,0,1,1,1,1,1,1,0,1,1,1,0,0,1,0,11,0,15,15,253,3,35,1,9,1,33,0,212,20.56481515
gc,3.377753735,Residential real estate,Residences,0,0,2,1,1,8,0,1,1,1,1,1,1,0,0,1,1,0,0,1,0,10,0,8,1,106,0,4,1,10,1,4,0,105,5.596833784
gc,1.020650625,Other,Other,4,2,200,113,162,352,0,1,1,1,1,1,0,0,0,1,1,0,0,1,0,5,2,23,20,130,0,11,9,10,3,34,0,113,10.74866312
gc,9.893619537,Residential real estate,Residences,0,0,81,51,70,139,0,1,1,1,1,1,0,0,0,1,0,1,0,0,0,10,0,0,1,53,0,13,0,10,0,2,0,39,6.379056381
gc,1.00972867,Healthcare,General Hospital,4,3,29,20,34,67,0,1,1,1,1,1,0,0,1,1,1,0,0,1,0,16,1,6,7,90,0,12,8,11,0,15,0,74,10.69499143
gc,1.901253223,Residential real estate,Residences,1,12,40,44,48,133,0,1,1,1,1,1,1,0,1,1,1,0,0,1,0,12,0,9,4,139,1,17,0,12,2,16,0,116,23.60864886
gc,1.002215147,Residential real estate,Residences,2,4,91,66,116,234,0,1,1,1,1,1,1,0,1,1,1,1,0,1,0,9,2,19,1,157,2,17,1,12,9,8,0,139,14.94618205
gc,5.919906139,Residential real estate,Residences,5,10,61,95,98,253,0,1,0,1,1,1,1,0,0,1,1,0,0,1,0,12,0,16,37,252,2,22,2,12,4,66,0,209,11.78011809
gc,1.000621676,Residential real estate,Residences,1,2,40,43,48,141,0,1,1,1,1,1,1,0,0,1,1,1,0,1,0,8,5,33,47,227,0,32,9,13,10,61,0,195,10.53986579
gc,14.1774931,Residential real estate,Residences,5,8,94,47,53,132,0,1,0,1,1,1,0,0,0,1,1,0,0,1,0,13,0,1,3,55,1,24,0,13,0,8,0,26,23.86869426
gc,4.04799509,Residential real estate,Residences,0,0,13,3,5,12,0,1,1,1,1,1,0,0,0,1,1,0,0,1,0,14,0,10,4,156,0,24,0,14,2,12,0,132,8.077501708
gc,4.561172009,Residential real estate,Residences,13,7,281,108,182,320,0,1,1,1,1,1,1,0,1,1,1,1,0,1,0,15,0,13,3,246,1,34,1,14,7,17,0,203,39.24816484
gc,9.30748558,Residential real estate,Residences,6,2,34,39,24,92,0,1,1,1,1,1,0,0,1,1,1,1,0,1,0,16,3,9,7,140,0,28,1,15,7,20,0,104,32.18507548
gc,9.857793808,Residential real estate,Residences,4,4,49,17,37,69,0,1,0,1,1,1,1,0,0,1,1,0,0,0,0,15,0,4,5,186,1,40,1,15,2,17,0,134,23.00816408
gc,1.119360685,Residential real estate,Residences,1,0,59,38,40,141,0,1,1,1,1,1,0,0,1,1,1,0,0,1,0,18,0,18,18,202,0,30,6,16,4,30,0,170,46.95121238
gc,13.33614731,Residential real estate,Residences,15,1,67,46,91,134,0,1,1,1,1,1,1,0,0,1,1,0,0,1,0,16,1,10,5,204,0,23,0,17,6,14,0,176,50.245028
gc,1.02643013,Residential real estate,Residences,4,9,184,94,143,281,0,1,1,1,1,1,0,0,1,1,1,1,0,1,0,26,1,20,14,208,1,43,11,17,4,32,0,161,78.95832902
gc,6.646597862,Residential real estate,Residences,8,2,76,65,50,110,0,1,1,1,1,1,1,0,0,1,1,1,0,1,0,18,1,16,18,344,3,31,1,17,4,46,0,295,23.69573317
gc,1,Residential real estate,Residences,0,1,28,50,47,151,0,1,1,1,1,1,1,0,0,1,1,1,0,1,0,19,1,12,1,248,1,29,1,18,7,26,0,199,6.659231294
gc,10.79823303,Residential real estate,Residences,15,5,122,98,120,284,0,1,0,1,1,1,1,0,0,1,1,0,0,1,0,19,0,5,5,240,0,26,1,19,2,20,0,201,45.91449812
gc,3.647803068,Residential real estate,Residences,16,8,143,58,96,231,0,1,0,1,1,1,1,0,0,1,1,0,0,1,0,19,0,13,4,312,0,31,1,19,3,17,0,277,24.80236082
gc,12.37777042,Residential real estate,Residences,10,4,48,35,43,109,0,1,0,1,1,1,0,0,0,1,1,0,0,1,0,19,0,5,4,179,1,9,0,19,0,16,0,162,31.16560319
gc,4.556661606,Residential real estate,Residences,1,2,55,19,34,56,0,1,1,1,1,1,1,0,1,1,1,1,0,1,0,21,0,5,11,49,0,11,2,20,1,15,0,37,32.60980227
gc,4.267338276,Residential real estate,Residences,11,5,151,86,139,231,0,1,1,1,1,1,1,0,1,1,1,0,0,1,0,20,1,17,5,211,0,40,2,20,5,16,0,171,27.65352572
gc,1,Residential real estate,Residences,5,4,131,101,130,221,0,1,1,1,1,1,1,0,1,1,1,0,0,1,0,19,2,9,3,234,1,37,3,21,1,14,0,190,16.95165008
gc,9.282097816,Residential real estate,Residences,1,2,118,46,67,109,0,1,1,1,1,1,0,0,1,1,1,1,0,1,0,20,2,12,5,142,0,26,1,22,8,14,0,110,32.85450132
gc,12.68495464,Residential real estate,Residences,16,9,240,77,162,261,0,1,0,1,1,1,0,0,1,1,1,0,0,1,0,22,0,3,3,371,0,120,0,22,2,16,0,239,66.3254855
gc,1.000019431,Residential real estate,Residences,2,5,151,154,155,413,0,1,1,1,1,1,1,0,0,1,1,1,0,1,0,11,30,34,0,260,4,18,1,22,10,58,0,222,15.59852399
gc,8.766658783,Residential real estate,Residences,10,4,147,96,179,311,0,1,0,1,1,1,0,0,1,1,1,0,0,1,0,27,0,22,23,374,0,38,2,26,9,49,0,322,52.86007123
gc,6.700056076,Residential real estate,Residences,10,14,421,288,509,1101,0,1,1,1,1,1,1,0,1,1,1,1,0,1,0,29,0,39,23,1154,3,245,3,27,15,63,0,889,54.62925407
gc,12.00337982,Residential real estate,Residences,9,4,254,73,166,291,0,1,0,1,1,1,1,0,0,1,1,0,0,1,0,28,0,6,8,472,1,125,0,28,2,25,0,333,50.77571953
gc,6.711378098,Residential real estate,Residences,9,13,249,104,225,379,0,1,0,1,1,1,0,0,1,1,1,0,0,1,0,28,0,22,19,520,7,70,2,28,14,46,0,422,40.64583984
gc,1.014676332,Car,Parking lot,15,9,262,146,235,470,0,1,1,1,1,1,1,0,1,1,1,0,0,1,0,31,3,84,22,521,2,65,2,32,10,40,1,509,32.82812733
gc,5.054776192,Residential real estate,Residences,10,1,32,27,43,75,0,1,1,1,1,1,1,0,0,1,1,1,0,1,0,33,1,37,11,598,1,40,4,33,20,54,0,528,18.46821934
gc,1.204128027,Residential real estate,Residences,9,11,756,421,444,1133,0,1,1,1,1,1,0,0,0,1,1,1,0,1,0,34,4,30,22,698,4,43,2,34,8,60,0,637,38.13245774
gc,4.984754086,Residential real estate,Residences,6,3,205,87,223,304,0,1,1,1,1,1,1,0,1,1,1,0,0,1,0,45,2,47,37,1391,6,105,10,40,22,85,0,1254,54.71175346
gc,1.028296351,Residential real estate,Residences,12,9,298,181,224,516,0,1,1,1,1,1,0,0,1,1,1,1,0,1,0,34,3,64,33,1065,2,142,1,41,39,108,0,866,49.47572274
gc,5.554084301,Residential real estate,Residences,28,35,817,355,591,1079,0,1,0,1,1,1,1,0,1,1,1,0,0,1,0,60,0,63,34,1791,14,185,4,58,20,117,0,1550,107.2699246
gc,1.018174291,Residential real estate,Residences,37,49,1238,664,851,1717,0,1,1,1,1,1,1,0,1,1,1,1,0,1,0,84,26,99,19,1269,6,259,2,88,39,157,0,946,126.1899072
ma,1.013646364,Corporate,Agriculture_forestry_animal husbandry and fishery,0,0,9,8,11,32,0,1,0,1,1,1,1,0,1,0,0,0,0,1,0,2,0,2,4,4,0,0,3,0,0,4,0,5,12.61095378
ma,6.534443378,Car,Parking lot,0,0,7,14,5,26,0,1,0,1,1,1,0,0,1,0,0,0,0,0,0,3,0,0,12,2,0,0,3,0,0,12,0,2,27.44026435
ma,3.896811008,Car,Driving,1,0,1,2,0,4,0,1,0,1,1,1,0,0,1,0,1,0,0,0,0,3,0,2,2,1,0,0,5,0,0,3,0,0,5.248439257
ma,1.011725903,Corporate,Agriculture_forestry_animal husbandry and fishery,0,0,1,5,0,13,0,1,0,1,1,1,0,0,1,1,1,0,0,1,0,0,0,0,3,12,0,1,1,0,0,3,0,10,4.742445797
ma,8.897445679,Residential real estate,Business building,0,0,0,0,0,0,0,1,1,1,1,1,0,0,0,1,0,0,0,0,0,0,0,9,6,3,0,1,8,0,0,7,0,2,0.52588444
ma,10.14680195,Institutional entities,Government agencies,0,0,4,4,3,23,0,1,0,1,1,1,0,0,1,1,1,0,0,0,0,4,0,1,5,2,0,2,4,0,1,5,0,0,65.63212541
ma,10.35797024,Institutional entities,Public security agencies,0,0,0,2,0,5,0,1,0,1,1,1,0,0,0,0,1,0,0,0,0,0,0,2,1,7,0,3,1,0,1,1,0,4,18.84115141
ma,8.855453491,Car,Auto Sales,0,0,2,11,7,25,0,1,1,1,1,1,0,0,0,0,1,0,0,1,0,0,0,4,0,22,0,11,4,0,0,2,0,9,15.41240798
ma,1.075155377,Shopping,Furniture_home building,1,0,9,8,4,29,0,1,0,1,1,1,1,0,1,1,0,0,0,1,0,4,0,4,4,15,2,5,6,0,0,4,0,10,40.92545838
ma,8.100012779,Corporate,Agriculture_forestry_animal husbandry and fishery,0,0,15,4,8,14,0,1,0,0,1,0,0,0,1,1,0,0,0,0,0,3,0,0,1,0,0,0,3,1,0,0,0,0,6.024748395
ma,5.184524059,Institutional entities,Government agencies,0,1,7,6,8,23,0,1,0,1,1,1,1,0,1,1,1,0,0,0,0,7,0,1,7,5,1,2,7,1,0,6,0,3,57.14544049
ma,1,Institutional entities,Government agencies,0,0,16,6,4,12,0,1,1,1,1,1,0,0,1,0,1,0,0,1,0,2,2,2,3,41,0,5,3,2,1,3,0,36,10.76458854
ma,3.483980656,Residential real estate,Residences,0,0,14,6,13,31,0,1,0,1,1,1,0,0,1,1,1,0,0,1,0,4,0,5,5,58,0,14,2,2,3,9,0,42,26.17356127
ma,1.151129365,Healthcare,General Hospital,5,6,68,50,61,123,0,1,1,1,1,1,1,0,1,1,1,1,0,1,0,7,5,2,12,58,2,9,2,3,1,24,0,43,55.0976896
ma,1.054806232,Residential real estate,Residences,7,4,84,34,61,101,0,1,1,1,1,1,1,0,1,1,1,1,0,1,0,9,0,16,10,76,3,20,10,3,7,23,0,45,50.51336941
ma,12.90144062,Other,Other,0,0,2,9,7,35,0,1,1,1,1,1,1,0,0,1,1,0,0,1,0,0,4,12,3,18,0,3,1,4,8,8,0,13,17.22141265
ma,1.529310584,Food,Hotpot,1,0,6,9,4,12,0,1,0,1,1,1,1,0,1,1,1,0,0,0,0,5,0,2,3,14,1,0,3,4,0,2,0,14,4.706179948
ma,1.367065549,Car,Auto Sales,0,1,7,7,10,32,0,1,0,1,1,1,1,0,1,1,1,0,0,0,0,5,0,10,4,42,0,1,5,5,4,12,0,34,44.61828949
oc,7.264979839,Corporate,Agriculture_forestry_animal husbandry and fishery,0,0,0,0,0,0,0,1,0,0,1,1,0,0,0,1,0,0,0,0,0,0,0,0,1,2,0,1,0,0,0,1,0,1,4.512623659
oc,1,Healthcare,General Hospital,4,4,50,34,36,102,0,1,1,1,1,1,0,0,1,1,1,0,0,1,0,1,0,10,14,160,0,18,0,1,6,23,0,137,5.282829331
oc,6.361280918,Recreation,Bar,0,0,6,2,2,5,0,1,0,1,0,1,1,0,0,1,0,0,0,1,0,2,0,1,0,2,0,1,0,2,0,0,0,2,1.055113537
oc,1.363647461,Education School,University,3,1,45,23,22,57,0,1,1,1,1,1,1,0,1,1,1,1,0,1,0,5,0,7,5,87,0,18,3,2,4,8,0,69,16.02521367
oc,1.000038862,Shopping,Digital Home,4,6,93,112,149,312,0,1,1,1,1,1,1,0,1,1,1,0,0,1,0,0,0,29,13,134,4,22,3,2,7,37,0,101,8.854400651
oc,1,Education School,University,4,1,63,85,144,262,0,1,1,1,1,1,1,0,0,1,1,1,0,1,0,3,1,41,21,432,5,26,0,3,24,61,0,379,10.90015509
oc,1.001882434,Food,Hotpot,15,9,462,289,256,648,0,1,1,1,1,1,1,0,1,1,1,1,0,1,0,4,8,3,8,55,0,3,1,4,0,23,0,47,36.74741742
oc,1,Residential real estate,Residences,1,1,24,12,24,54,0,1,1,1,1,1,0,0,1,1,1,0,0,1,0,3,2,4,0,85,0,11,1,4,0,3,0,75,8.514278492
oc,1.017917871,Education School,High school,8,2,92,47,53,108,0,1,1,1,1,1,0,0,1,1,1,1,0,1,0,5,1,11,5,206,0,58,2,4,2,18,0,144,24.82169957
oc,2.570177555,Other,Other,4,5,63,60,74,154,0,1,1,1,1,1,1,0,1,1,1,0,0,1,0,10,1,24,25,176,3,53,10,4,9,44,0,113,123.6304775
oc,1.259846807,Residential real estate,Residences,5,1,108,77,126,209,0,1,0,1,1,1,1,0,1,1,1,0,0,1,0,7,0,28,7,147,0,11,11,5,6,29,0,127,49.71349257
oc,1.004479051,Healthcare,General Hospital,1,1,27,30,21,61,0,1,1,1,1,1,1,0,1,1,1,0,0,1,0,3,2,21,0,77,0,25,0,5,11,15,1,46,6.467834691
oc,0.999786317,Residential real estate,Residences,0,1,30,54,117,191,0,1,1,1,1,1,1,0,1,1,1,1,0,1,0,3,3,33,83,300,0,30,9,5,13,110,0,255,6.556312771
oc,1,Residential real estate,Residences,2,3,57,28,61,130,0,1,0,1,1,1,0,0,1,1,1,0,0,1,0,5,0,8,3,177,1,15,0,5,0,20,0,152,7.532047304
oc,6.938069344,Residential real estate,Residences,4,2,88,58,117,149,0,1,0,1,1,1,1,0,1,1,1,0,0,1,0,6,0,3,3,173,1,97,1,5,2,7,0,72,14.27954297
oc,1.002505422,Residential real estate,Residences,2,0,112,42,71,118,0,1,0,1,1,1,0,0,1,1,1,0,0,1,0,7,0,6,4,119,2,11,4,5,1,7,0,106,27.33425736
oc,1.000155449,Corporate,Agriculture_forestry_animal husbandry and fishery,1,1,11,15,26,73,0,1,1,1,1,1,1,0,1,1,1,1,0,1,0,1,4,23,86,181,4,20,7,5,6,109,0,144,5.908750627
oc,0.999883413,Living Services,Agency,0,1,53,56,64,130,0,1,1,1,1,1,1,0,1,1,1,1,0,1,0,7,0,7,4,215,0,23,1,6,2,13,0,188,10.82618633
oc,6.617224216,Infrastructure,Transport facilities,10,5,45,22,65,89,0,1,0,1,1,1,1,0,0,1,1,0,0,1,0,6,0,1,1,142,0,61,0,6,0,7,0,76,16.46396952
oc,1.000408053,Residential real estate,Residences,2,4,93,98,107,288,0,1,1,1,1,1,1,0,0,1,1,0,0,1,0,5,1,57,41,458,1,29,2,6,21,59,0,444,12.85872609
oc,1.002583981,Shopping,Fashion shoes and bags,5,2,57,47,68,157,0,1,1,1,1,1,1,0,0,1,1,1,0,1,0,6,0,10,1,152,2,8,0,6,2,15,0,136,8.169880126
oc,1.000718951,Sports and fitness,Golf Course,4,3,57,59,77,222,0,1,1,1,1,1,1,0,1,1,1,1,0,1,0,3,4,14,8,105,4,21,0,6,11,21,0,71,15.77664994
oc,10.4777298,Residential real estate,Residences,5,3,43,15,33,56,0,1,1,1,1,1,1,0,0,1,1,0,0,1,0,6,1,8,3,181,1,22,1,7,3,13,0,152,13.84669057
oc,1.001204491,Infrastructure,Transport facilities,4,2,57,53,71,193,0,1,1,1,1,1,1,0,0,1,1,0,0,1,0,4,0,42,56,334,1,34,1,7,4,93,0,296,21.67498054
oc,1.000369191,Healthcare,Pharmacy drugstore,8,0,44,29,42,113,0,1,1,1,1,1,1,0,0,1,1,1,0,1,0,8,0,12,1,149,0,11,0,8,4,19,0,128,10.26169434
oc,1.000815749,Residential real estate,Residences,5,2,125,52,58,154,0,1,1,1,1,1,1,0,1,1,1,0,0,1,0,6,3,21,11,373,0,56,1,8,13,33,0,303,13.00740494
oc,1.005433202,Residential real estate,Residences,4,6,128,81,103,230,0,1,1,1,1,1,1,0,0,1,1,0,0,1,0,6,4,39,10,204,2,30,2,9,17,36,0,167,18.229451
oc,1.000369191,Living Services,Life service establishments,1,3,85,41,119,219,0,1,1,1,1,1,0,0,1,1,1,1,0,1,0,8,3,22,68,168,8,20,8,9,6,76,0,142,14.7756739
oc,1.000738382,Recreation,KTV,9,2,110,69,106,241,0,1,1,1,1,1,1,0,1,1,1,0,0,1,0,10,1,12,12,72,1,8,1,10,7,23,0,57,14.09924308
oc,1.00052464,Education School,University,0,7,269,176,183,512,0,1,1,1,1,1,1,0,0,1,1,1,0,1,0,10,2,47,81,756,1,53,7,10,14,119,0,692,25.57019285
oc,1.076618433,Food,Barbecue,1,5,70,55,55,168,0,1,1,1,1,1,0,0,0,1,0,1,0,1,0,5,11,16,3,201,7,85,0,10,0,21,0,113,17.28543394
oc,5.127080917,Food,Restaurant,2,0,30,20,41,63,0,1,0,1,1,1,1,0,1,1,1,0,0,1,0,12,0,4,6,153,0,25,1,12,1,11,0,125,9.055577289
oc,1.000737906,Residential real estate,Residences,3,1,36,32,74,84,0,1,1,1,1,1,1,0,1,1,1,1,0,1,0,13,2,18,12,95,1,16,4,12,8,32,0,67,16.78923003
oc,12.22582722,Residential real estate,Residences,0,2,38,14,25,43,0,1,0,1,1,1,0,0,1,1,0,0,0,1,0,12,0,2,2,221,1,44,0,12,0,14,0,166,10.02508788
oc,1.042073965,Residential real estate,Residences,8,8,67,53,59,115,0,1,1,1,1,1,1,0,1,1,1,0,0,1,0,14,0,8,11,242,3,15,3,12,3,35,0,204,17.18705033
oc,1.000038862,Residential real estate,Residences,2,1,59,32,47,74,0,1,1,1,1,1,1,0,1,1,1,0,0,1,0,10,2,11,19,109,0,15,1,13,7,22,0,93,8.972767534
oc,1.000369191,Living Services,Beauty salons,8,8,196,125,171,371,0,1,1,1,1,1,0,0,1,1,1,1,0,1,0,9,5,35,48,259,1,31,7,13,9,72,0,223,23.89769951
oc,0.999902844,Residential real estate,Residences,13,12,189,148,155,397,0,1,1,1,1,1,1,0,1,1,1,0,0,1,0,8,5,59,98,383,1,35,13,14,19,163,0,308,16.79768483
oc,0.999902904,Residential real estate,Residences,7,5,70,67,92,203,0,1,1,1,1,1,1,0,1,1,1,1,0,1,0,16,0,58,24,492,3,66,4,14,33,58,0,412,33.16839461
oc,6.297249317,Residential real estate,Residences,6,6,90,39,92,161,0,1,0,1,1,1,1,0,1,1,1,0,0,1,0,19,0,6,3,236,0,32,2,17,1,19,0,193,21.55960444
oc,1.000718713,Healthcare,General Hospital,3,4,111,69,105,206,0,1,1,1,1,1,1,0,1,1,1,1,0,1,0,16,2,13,7,186,1,19,1,17,0,18,0,168,17.83142131
oc,1.000058293,Infrastructure,Road accessories,6,2,110,80,110,230,0,1,1,1,1,1,1,0,1,1,1,1,0,1,0,16,4,56,9,269,3,20,6,17,45,27,0,236,18.80594742
oc,7.945933819,Residential real estate,Residences,1,7,93,61,57,180,0,1,1,1,1,1,1,0,1,1,1,1,0,1,0,16,2,28,22,305,3,56,5,17,7,37,0,248,33.36303897
oc,1.000738382,Residential real estate,Residences,0,3,151,99,130,325,0,1,1,1,1,1,1,0,0,1,1,0,0,1,0,16,3,54,27,548,2,127,0,18,33,62,0,406,29.05589591
oc,1.000990748,Residential real estate,Residences,2,3,99,72,63,201,0,1,1,1,1,1,1,0,0,1,1,1,0,1,0,12,8,17,5,173,0,14,3,19,4,21,0,154,8.178315948
oc,1.000369191,Healthcare,General Hospital,3,4,117,83,219,364,0,1,1,1,1,1,1,0,1,1,1,1,0,1,0,18,2,19,28,288,3,31,3,19,4,55,0,240,8.864086288
oc,1.000369191,Residential real estate,Residences,6,7,151,205,297,714,0,1,1,1,1,1,1,0,0,1,1,1,0,1,0,18,1,64,89,937,7,65,5,19,37,140,0,836,19.15241579
oc,6.785714626,Residential real estate,Residences,9,3,156,50,123,170,0,1,1,1,1,1,1,0,1,1,1,1,0,1,0,21,1,25,8,386,4,68,0,20,10,41,1,297,28.60150594
oc,8.202260017,Residential real estate,Residences,6,6,106,61,107,212,0,1,1,1,1,1,1,0,0,1,1,0,0,1,0,21,0,18,15,425,0,20,1,21,5,42,0,390,36.15931857
oc,5.037237167,Infrastructure,Road accessories,1,0,26,28,61,94,0,1,0,1,1,1,1,0,1,1,1,0,0,1,0,21,0,10,12,152,0,45,2,21,7,16,0,104,11.01071382
oc,8.002615929,Residential real estate,Residences,6,3,69,64,107,216,0,1,1,1,1,1,1,0,1,1,1,0,0,1,0,21,1,20,6,180,1,22,0,21,9,22,0,153,40.97374098
oc,1,Sports and fitness,Sports complex,5,3,79,45,80,155,0,1,1,1,1,1,1,0,0,1,1,1,0,1,0,15,10,37,12,254,4,33,1,21,19,40,0,210,12.83257312
oc,1.000815749,Residential real estate,Residences,13,4,171,113,135,313,0,1,1,1,1,1,1,0,1,1,1,0,0,1,0,21,1,54,22,467,2,41,6,22,33,64,0,397,24.86720972
oc,1.075030565,Residential real estate,Residences,9,5,207,91,180,272,0,1,0,1,1,1,1,0,0,1,1,0,0,1,0,24,0,24,10,632,1,87,2,24,9,49,1,517,26.88733708
oc,1.029578924,Residential real estate,Residences,6,3,124,66,91,200,0,1,1,1,1,1,1,0,1,1,1,0,0,1,0,25,1,33,15,458,3,85,4,24,14,34,0,368,30.97712477
oc,1.065878987,Residential real estate,Residences,13,7,101,85,87,195,0,1,1,1,1,1,1,0,1,1,1,1,0,1,0,27,1,18,12,383,0,33,0,26,12,28,0,342,41.54400061
oc,1.000738263,Residential real estate,Residences,16,12,104,131,131,340,0,1,1,1,1,1,1,0,1,1,1,0,0,1,0,26,2,42,4,479,4,40,4,28,24,40,0,413,22.65078319
oc,1.083126903,Residential real estate,Residences,8,7,251,107,165,336,0,1,1,1,1,1,1,0,1,1,1,0,0,1,0,31,0,39,13,264,1,66,4,31,9,31,0,205,40.51204344
oc,1,Residential real estate,Residences,5,7,174,74,109,221,0,1,1,1,1,1,0,0,0,1,1,0,0,1,0,32,0,13,6,296,0,29,1,32,7,19,0,259,12.39864231
oc,1.112008214,Residential real estate,Residences,8,8,134,65,87,206,0,1,1,1,1,1,1,0,0,1,1,1,0,1,0,30,6,27,9,689,2,86,3,36,19,36,0,579,26.5706726
oc,1.000738382,Residential real estate,Residences,7,1,226,162,225,529,0,1,1,1,1,1,1,0,1,1,1,1,0,1,0,22,21,92,28,661,15,62,7,39,56,106,0,539,27.6549839
oc,1.010191083,Education School,University,10,10,245,103,119,255,0,1,1,1,1,1,0,0,1,1,1,1,0,1,0,40,3,30,7,265,0,33,4,42,15,24,0,227,51.67562261
oc,2.239962816,Residential real estate,Residences,8,7,290,165,219,500,0,1,1,1,1,1,1,0,0,1,1,1,0,1,0,37,3,26,22,628,0,81,3,42,8,51,0,531,38.98404633
oc,1.001884699,Residential real estate,Residences,5,4,173,157,251,485,0,1,1,1,1,1,1,0,1,1,1,0,0,1,0,31,3,123,259,740,23,52,26,42,39,352,0,622,23.28667
oc,1.089459777,Residential real estate,Residences,12,17,396,245,337,679,0,1,1,1,1,1,1,0,1,1,1,1,0,1,0,48,10,34,44,593,3,71,14,48,11,84,0,498,90.5445155
oc,1.143384218,Residential real estate,Residences,11,6,175,103,143,308,0,1,1,1,1,1,1,0,1,1,1,0,0,1,0,64,0,61,83,1188,9,180,15,61,16,144,0,971,49.94221831
oc,1.036807895,Residential real estate,Residences,33,17,415,207,276,582,0,1,1,1,1,1,1,0,1,1,1,1,0,1,0,57,3,64,45,1100,3,174,3,62,28,89,0,910,53.26182142
oc,1.037971854,Residential real estate,Residences,16,23,362,179,275,546,0,1,1,1,1,1,1,0,1,1,1,1,0,1,0,85,8,50,56,594,3,100,7,91,23,89,0,480,49.38265781
of,0.500000238,Education School,University,0,0,0,4,1,8,0,1,1,1,0,1,1,0,0,1,1,1,0,0,0,0,1,0,0,0,0,0,0,0,0,1,0,0,0.241428107
of,4.589566231,Education School,Primary school,0,0,1,1,2,1,0,1,0,0,1,1,0,0,1,0,0,0,0,0,0,0,0,0,1,0,0,0,0,0,0,1,0,0,67.28688389
of,2.340492487,Education School,Primary school,0,0,0,4,5,10,0,0,1,1,0,1,0,0,0,0,0,0,0,0,0,0,0,0,0,1,0,0,0,0,0,1,0,0,39.40390633
of,1.456788421,Institutional entities,Government agencies,0,0,0,0,1,0,0,0,0,0,1,1,0,0,0,0,0,0,0,0,0,0,0,0,1,4,0,0,0,0,0,1,0,4,5.71777348
of,12.56479359,Education School,Primary school,0,0,1,3,1,9,0,1,0,1,1,1,0,0,1,0,0,0,0,0,0,0,0,0,4,3,0,0,0,0,0,4,0,3,43.32482913
of,6.172672749,Institutional entities,Government agencies,0,0,4,9,5,23,0,0,0,1,1,1,0,0,0,0,0,0,0,0,0,0,0,0,6,2,0,0,0,0,0,6,0,2,42.23362764
of,1.041078329,Healthcare,General Hospital,0,0,1,6,1,13,0,1,1,1,0,1,0,0,1,0,0,1,0,1,0,0,2,3,0,16,0,0,0,0,0,9,0,12,0.940050513
of,6.682520866,Institutional entities,Social groups,0,0,1,0,1,2,0,1,0,1,1,1,0,0,0,1,1,0,0,0,0,0,0,1,1,1,0,0,0,0,1,1,0,1,1.03829237
of,6.507685661,Institutional entities,Government agencies,0,0,1,3,2,4,0,1,0,1,1,1,0,0,1,0,1,0,0,0,0,0,0,2,1,1,0,0,0,0,2,1,0,1,15.18538984
of,10.91213799,Education School,Primary school,0,0,0,0,0,0,0,1,0,1,1,1,0,0,1,0,0,0,0,1,0,1,0,1,2,1,0,0,1,0,0,2,0,2,17.1430063
of,6.236865997,Institutional entities,Government agencies,0,0,1,1,2,3,0,1,0,0,1,1,1,0,1,0,0,0,0,0,0,1,0,0,3,2,0,0,1,0,0,3,0,2,6.348646717
of,1.365080714,Education School,University,0,0,3,3,3,9,0,1,1,1,0,1,0,0,1,0,0,1,0,0,0,1,1,3,0,1,0,0,1,0,0,4,0,1,4.908530792
of,1.138687134,Education School,Vocational and technical schools,0,0,6,3,3,7,0,0,0,0,1,1,0,0,0,0,0,0,0,0,0,0,0,0,1,1,0,1,0,0,0,1,0,0,9.573875858
of,7.223527431,Institutional entities,Government agencies,0,0,4,0,2,7,0,1,0,1,1,1,0,0,0,1,0,0,0,1,0,0,0,1,2,2,0,1,0,0,0,3,0,1,1.936964189
of,1.042453766,Residential real estate,Residences,0,0,6,2,6,10,0,1,0,1,0,1,0,0,1,0,0,0,0,1,0,0,0,2,0,4,0,1,0,0,0,3,0,2,2.26253905
of,8.841431618,Education School,High school,0,8,163,105,118,249,0,1,1,1,0,1,0,0,0,1,1,1,0,1,0,0,2,4,0,47,0,1,0,0,0,6,0,46,8.433533101
of,8.442335129,Education School,University,0,0,4,11,4,15,0,1,1,1,0,1,0,0,0,1,1,1,0,0,0,0,2,1,0,4,0,1,0,0,1,3,0,2,2.325276768
of,1.005567551,Institutional entities,Government agencies,0,0,6,5,3,5,0,1,0,1,0,1,0,0,1,1,1,0,0,1,0,0,0,0,0,5,0,2,0,0,0,1,0,2,4.628912875
of,4.217134476,Other,Other,0,0,1,2,2,2,0,1,1,1,1,1,1,0,0,0,1,1,0,0,0,0,3,3,5,14,0,2,0,0,1,12,0,10,14.07454729
of,8.988818169,Education School,Primary school,0,0,2,1,2,7,0,1,0,1,1,1,0,0,1,0,0,0,0,0,0,1,0,2,4,8,0,2,3,0,0,4,0,6,24.54224208
of,6.49187088,Education School,University,0,1,58,62,33,120,0,1,1,1,1,1,0,0,1,0,1,1,0,1,0,0,5,15,2,24,0,3,0,0,1,23,0,19,16.99509836
of,1.616283536,Institutional entities,Government agencies,0,0,6,5,9,27,0,1,0,1,1,1,0,0,0,1,1,0,0,0,0,0,0,1,3,12,0,5,0,0,1,3,0,7,58.74521604
of,1,Car,Parking lot,0,0,12,10,9,26,0,1,1,1,1,1,1,0,1,1,1,1,0,1,0,0,0,4,5,52,0,5,1,0,1,7,0,47,9.520654841
of,6.637841702,Education School,University,0,0,44,48,22,115,0,1,1,1,0,1,0,0,1,1,0,1,0,0,0,0,3,0,0,7,0,6,0,0,0,3,0,1,15.08871025
of,9.687615395,Institutional entities,Government agencies,1,0,1,2,4,11,0,1,0,1,1,1,1,0,1,0,0,0,0,0,0,0,0,0,3,11,0,11,0,0,0,3,0,0,36.32218724
of,1.026026964,Education School,High school,0,0,5,4,7,18,0,1,0,1,1,1,0,0,1,1,0,0,0,0,0,2,0,0,4,38,0,27,1,0,0,7,0,9,20.95388314
of,1.582407594,Education School,University,1,0,16,19,19,45,0,1,1,1,1,1,1,0,0,1,1,1,0,1,0,1,4,7,3,10,1,2,0,0,5,7,0,10,5.962906022
of,1.010330677,Residential real estate,Business building,0,0,10,13,9,29,0,1,0,1,1,1,0,0,0,1,1,0,0,1,0,0,0,7,0,142,1,4,0,0,2,7,0,135,3.76232279
of,1.51654768,Education School,University,3,0,107,55,28,117,0,1,1,1,1,1,0,0,1,1,1,1,0,1,0,4,6,19,1,57,1,10,11,0,4,21,0,40,33.66576825
of,2.845077991,Residential real estate,Residences,0,0,4,2,3,6,0,1,1,1,1,1,0,0,1,1,0,0,0,0,0,1,0,0,2,4,0,0,0,1,0,3,0,3,3.461326711
of,10.95309734,Education School,University,0,0,7,5,8,28,0,1,1,0,0,1,0,0,0,1,0,1,0,0,0,1,1,0,0,6,0,1,0,1,0,2,0,4,4.696372657
of,7.54139185,Education School,University,0,0,4,1,2,5,0,1,1,1,1,1,1,0,0,1,1,1,0,1,0,0,1,5,1,10,0,3,0,1,2,4,0,7,3.701527556
of,2.485560656,Healthcare,General Hospital,0,2,198,182,106,387,0,1,1,1,1,1,1,0,1,1,1,1,0,1,0,1,10,0,1,55,1,22,0,1,0,21,0,22,10.3269823
of,9.277051926,Education School,University,0,4,135,63,75,172,0,1,1,1,1,1,0,0,0,1,1,1,0,1,0,0,9,8,0,275,1,171,0,1,0,16,0,103,10.80074739
of,1,Education School,University,1,0,5,14,10,45,0,1,1,1,1,1,1,0,0,1,1,0,0,1,0,2,0,11,24,43,3,7,4,1,0,30,0,35,4.291999782
of,1,Hotels,Hotels_guest houses,0,0,4,11,13,28,0,1,0,1,0,1,1,0,1,1,1,0,0,1,0,1,0,11,0,30,0,3,0,2,5,4,0,28,6.98131566
of,1.46060276,Education School,University,0,6,411,206,193,513,0,1,1,1,1,1,1,0,1,1,1,1,0,1,0,0,22,7,2,80,1,13,1,2,5,48,0,41,25.47237771
of,1.010804892,Healthcare,General Hospital,3,1,32,20,30,56,0,1,0,1,1,1,0,0,1,1,1,0,0,1,0,3,0,6,1,47,1,2,0,3,0,12,0,39,10.97689015
of,1.001321077,Education School,Train,1,0,18,40,47,123,0,1,1,1,1,1,1,0,0,1,1,1,0,1,0,3,2,33,117,213,6,8,12,3,5,141,0,193,8.248023771
of,5.260446548,Food,Restaurant,0,0,5,15,13,33,0,1,0,1,1,1,0,0,0,1,1,0,0,1,0,4,0,14,4,44,0,7,0,4,10,5,0,40,3.336983622
of,1.001649857,Education School,High school,1,0,4,13,8,23,0,1,1,1,1,1,0,0,1,1,1,1,0,1,0,6,0,12,1,66,0,9,6,5,0,9,0,56,14.11755675
of,1.000738382,Infrastructure,Transport facilities,7,1,60,110,86,311,0,1,1,1,1,1,1,0,0,1,1,1,0,1,0,5,0,17,8,185,0,22,0,5,9,22,0,157,12.11506764
of,1.002642393,Education School,University,1,5,237,164,200,441,0,1,1,1,1,1,1,0,1,1,1,1,0,1,0,10,35,38,2,218,7,38,1,7,12,92,0,146,27.73475784
ot,4.28624773,Food,Restaurant,0,0,0,0,0,1,0,1,0,0,1,1,0,0,0,0,0,0,0,0,0,0,0,0,1,1,0,0,0,0,0,1,0,1,11.41701734
ot,2.446805477,Other,Other,0,0,0,0,0,0,0,0,0,0,0,1,0,0,0,0,0,0,0,0,0,0,0,0,0,1,0,1,0,0,0,0,0,0,3.770565062
ot,9.059518814,NULL,NULL,0,0,0,0,0,1,0,0,0,0,0,1,0,0,0,0,0,0,0,0,0,0,0,0,0,1,0,1,0,0,0,0,0,0,227.1088024
ot,5.538473606,NULL,NULL,0,0,0,0,0,0,0,0,0,0,0,1,0,0,0,0,0,0,0,0,0,0,0,0,0,1,0,1,0,0,0,0,0,0,24.83741487
ot,3.638902664,Place Name Address,Administrative place names,0,0,0,0,0,0,0,1,0,0,0,1,1,0,0,0,0,0,0,0,0,0,0,0,0,1,0,1,0,0,0,0,0,0,1.849183145
ot,13.40522575,Place Name Address,Administrative place names,0,0,0,0,0,2,0,1,0,0,1,1,0,0,0,1,0,0,0,0,0,0,0,0,0,1,0,1,0,0,0,0,0,0,8.053847056
ot,6.441670418,Place Name Address,Administrative place names,0,0,0,0,0,0,0,0,0,1,0,1,0,0,0,0,1,0,0,0,0,0,0,0,0,1,0,1,0,0,0,0,0,0,7.306569966
ot,9.246974945,Other,Other,0,0,0,1,0,0,0,0,0,0,0,1,0,0,0,0,0,0,0,0,0,0,0,0,0,1,0,1,0,0,0,0,0,0,26.41114178
ot,2.753085136,Place Name Address,Administrative place names,0,0,0,0,0,0,0,0,0,0,0,1,0,0,0,0,0,0,0,0,0,0,0,0,0,1,0,1,0,0,0,0,0,0,4.976628095
ot,9.993617058,Other,Other,0,0,0,0,12,0,0,0,0,0,0,1,0,0,0,0,0,0,0,0,0,0,0,0,0,2,0,1,0,0,0,0,0,1,43.94737908
ot,4.67296505,Place Name Address,Administrative place names,0,0,0,0,1,0,0,1,0,0,0,1,0,0,1,0,0,0,0,0,0,4,0,0,0,3,0,1,4,0,0,1,0,1,9.2332419
ot,6.866657734,Other,Other,0,0,0,0,0,0,0,0,0,0,0,1,0,0,0,0,0,0,0,0,0,0,0,0,0,2,0,2,0,0,0,0,0,0,10.70554008
re,0,Infrastructure,Transport facilities,0,0,0,0,0,0,0,1,0,0,0,0,1,0,0,0,0,0,0,0,0,1,0,0,0,0,1,0,0,0,0,0,0,0,0.241149639
re,7,Tourist Attractions,Sights,0,0,0,0,0,0,0,1,0,0,0,1,1,0,0,0,0,0,0,0,0,1,0,0,0,0,1,0,0,0,0,0,0,0,0.965518376
re,2.799999714,Cultural venues,Science and Technology Museum,0,0,0,0,0,0,0,1,0,1,0,1,1,0,0,0,0,0,0,0,0,0,0,1,0,1,1,0,0,0,0,0,0,1,0.160994438
re,7.469357014,Tourist Attractions,Park,0,0,2,2,6,6,0,1,0,1,1,1,1,0,0,1,0,0,0,1,0,1,0,0,0,2,1,0,0,0,0,0,1,1,1.770736651
re,2.08695364,Tourist Attractions,Park,0,0,5,2,10,26,0,1,1,1,1,1,1,0,0,1,0,0,0,1,0,1,1,1,0,9,1,1,0,0,0,0,0,10,1.770417846
re,1.436945915,Cultural venues,Convention Center,0,1,6,6,3,24,0,1,0,1,0,1,0,0,1,1,0,0,0,1,0,2,0,4,0,29,1,3,2,0,0,3,0,26,7.307042869
re,15,Tourist Attractions,Park,0,0,0,0,0,1,0,1,1,1,0,1,1,0,1,1,0,1,0,0,0,2,0,0,0,0,2,0,0,0,0,0,0,0,0.080480707
re,14,Food,Restaurant,0,0,0,4,5,11,0,1,0,1,0,1,1,0,0,0,0,0,0,0,0,0,0,2,0,1,2,1,0,0,0,0,0,0,3.297493463
re,2.131680727,Institutional entities,Government agencies,1,1,8,12,17,44,0,1,0,1,1,1,1,0,1,1,1,0,0,0,0,1,0,2,2,29,2,22,1,0,0,2,0,7,31.33047778
re,9.154168129,Tourist Attractions,Taoist temples,0,0,4,4,6,16,0,1,0,1,1,1,1,0,1,1,0,0,0,1,0,5,0,8,2,4,3,1,4,0,0,7,0,4,8.751107251
re,13.16067982,Residential real estate,Other real estate community,0,0,31,43,25,125,0,1,0,1,1,1,0,0,1,1,1,0,0,1,0,1,0,2,0,14,1,1,0,1,0,0,0,14,18.98457194
re,3.072592258,Sports and fitness,Golf Course,0,0,3,5,11,14,0,1,1,1,1,1,1,0,0,1,1,0,0,1,0,2,1,0,3,25,2,8,0,1,0,3,0,17,2.77956483
re,12,Living Services,Laundry,0,0,12,2,6,13,0,1,0,1,1,1,1,0,0,1,1,0,0,1,0,2,0,4,0,51,3,6,0,1,0,2,0,45,6.704600224
re,3.742950201,Living Services,Lottery ticket,3,7,143,73,148,272,0,1,1,1,1,1,1,0,1,1,1,0,0,1,0,18,2,32,6,671,21,16,2,1,12,28,0,649,35.17825945
re,3.553878069,Cultural venues,Convention Center,0,0,20,24,52,78,0,1,1,1,1,1,1,0,0,1,1,0,0,1,0,2,0,6,0,47,6,8,0,2,0,1,0,38,7.575910031
rec,0,Tourist Attractions,Sights,0,0,0,0,0,2,0,1,0,1,0,0,1,0,0,0,1,0,0,0,0,0,0,0,0,0,0,0,0,0,0,0,0,0,0.241599301
rec,9.66666317,Tourist Attractions,Other tourist attractions,0,0,0,0,0,0,0,1,0,0,0,0,1,0,0,0,0,0,0,0,0,0,0,0,0,0,0,0,0,0,0,0,0,0,0.161066858
rec,1.525486231,Shopping,Furniture_home building,0,0,8,7,4,15,0,1,1,1,0,1,0,0,1,1,0,1,0,0,0,0,0,2,0,4,2,2,0,0,0,0,0,2,1.187085164
res,7.79833889,Residential real estate,Residences,0,0,6,7,5,15,0,1,0,1,0,1,1,0,0,1,0,0,0,1,0,0,0,2,0,1,1,0,0,1,0,0,0,1,6.801672729
res,2.82841301,Residential real estate,Residences,0,0,20,8,18,18,0,1,0,1,1,1,0,0,1,1,0,0,0,0,0,2,0,8,4,80,0,75,8,2,0,4,0,5,9.018614289
res,1,Shopping,Gift,0,0,15,6,63,37,0,1,0,1,1,1,0,0,1,1,1,0,0,1,0,2,0,6,1,121,1,3,4,2,0,5,0,115,4.009985304
res,1.053814769,Residential real estate,Residences,0,4,15,4,14,28,0,1,1,1,1,1,0,0,0,1,1,0,0,1,0,9,2,4,1,59,0,13,0,11,1,4,0,46,4.472963664
tr,8.456531525,Infrastructure,Road accessories,0,0,1,1,4,2,0,0,0,0,0,1,0,0,0,0,0,0,0,0,0,0,0,0,0,2,0,2,0,0,0,0,0,0,1.610321632
tr,15.32691956,Infrastructure,Transport facilities,0,0,0,0,0,1,0,1,0,1,0,1,1,0,0,0,0,0,0,1,0,0,0,0,0,2,0,2,0,0,0,0,0,0,4.983874218
tr,5.450012207,Infrastructure,Road accessories,0,0,0,0,0,0,0,1,0,1,0,1,0,0,0,1,0,0,0,0,0,0,0,1,0,2,0,2,0,0,0,1,0,0,1.768363202
tr,1.749046326,Infrastructure,Public facilities,0,0,7,10,8,29,0,1,0,1,1,1,0,0,0,1,0,0,0,0,0,1,0,1,2,3,0,2,1,0,0,2,0,2,11.2605817
tr,7.139234543,Institutional entities,Government agencies,0,0,0,0,0,1,0,0,1,1,0,1,0,0,0,0,1,0,0,0,0,0,0,0,0,3,0,3,0,0,0,0,0,0,6.040854009
tr,1.002057195,Place Name Address,Traffic place names,0,0,10,8,3,16,0,1,0,1,1,1,1,0,0,1,1,0,0,0,0,0,0,0,0,4,0,3,0,0,0,0,0,1,1.097026214
tr,15.73506069,Infrastructure,Transport facilities,0,5,59,46,110,197,1,0,0,0,0,1,0,1,0,0,0,0,0,0,0,0,0,0,0,6,0,4,0,0,0,0,0,2,23.30491289
tr,5.969534874,Infrastructure,Road accessories,0,0,1,1,1,3,0,0,0,0,1,1,0,0,0,0,0,0,0,0,0,0,0,0,1,4,0,4,0,0,0,1,0,0,7.957928367
tr,5.868420601,Place Name Address,Road name,0,0,0,0,2,4,0,1,0,1,1,1,0,0,1,0,0,0,0,0,0,1,0,0,2,5,0,4,1,0,0,2,0,1,5.946786628
tr,11.64406586,Infrastructure,Transport facilities,0,0,0,4,1,6,0,1,0,0,0,1,1,0,0,0,0,0,0,0,0,0,0,0,0,6,0,6,0,0,0,0,0,0,2.732288291
tr,1,Infrastructure,Transport facilities,0,0,6,5,7,16,0,1,1,1,1,1,1,0,0,1,1,0,0,0,0,0,0,0,0,7,0,7,0,0,0,0,0,0,0.898072208
tr,5.433339596,Place Name Address,Traffic place names,0,0,2,2,5,3,0,1,0,1,0,1,0,0,1,0,0,0,0,0,0,0,0,0,0,20,0,7,0,0,0,0,0,13,1.460624448
tr,5.996859074,Institutional entities,Government agencies,1,0,3,16,8,23,0,1,0,0,1,1,0,0,0,0,0,0,0,0,0,1,0,0,4,28,0,7,0,0,0,6,0,20,34.70178886
tr,1.011031747,Place Name Address,Traffic place names,1,0,9,6,13,20,0,1,1,1,1,1,0,0,0,1,0,0,0,1,0,0,0,1,0,10,0,8,0,0,0,0,0,3,3.750241376
tr,5.797277927,Other,Other,0,0,0,0,0,0,0,0,0,0,0,1,0,0,0,0,0,0,0,0,0,0,0,0,0,12,0,12,0,0,0,0,0,0,10.06457967
tr,11.89614201,Place Name Address,Traffic place names,0,0,0,3,3,11,0,0,0,0,0,1,0,0,0,0,0,0,0,0,0,0,0,0,0,17,0,17,0,0,0,0,0,0,6.401423376
tr,1.014453053,Infrastructure,Road accessories,3,0,22,25,20,56,0,1,0,1,1,1,0,0,1,1,1,0,0,1,0,2,0,4,3,69,0,7,0,1,2,7,0,61,36.49001235
tr,8.507211685,Education School,Vocational and technical schools,0,0,3,4,6,13,0,1,0,1,1,1,0,0,0,1,1,0,0,0,0,1,0,0,4,16,0,11,0,1,0,4,0,5,11.57960785
tr,3.074265957,Infrastructure,Transport facilities,0,0,10,13,11,23,0,1,0,1,1,1,1,0,1,1,1,0,0,1,0,6,0,5,5,13,2,3,4,1,0,4,0,15,11.69598614
tr,1,Infrastructure,Road accessories,0,0,14,22,68,148,0,1,0,1,1,1,1,0,0,1,1,0,0,1,0,2,0,8,15,129,0,15,0,2,0,32,0,105,3.552624302
tr,1.023597598,Infrastructure,Road accessories,1,0,10,19,13,54,0,1,1,1,1,1,0,0,1,1,1,0,0,1,0,5,0,1,1,47,0,2,1,4,0,3,0,44,29.76531551
tr,1.048029661,Other,Other,0,3,37,21,29,79,0,1,0,1,1,1,1,0,0,1,1,0,0,1,0,1,0,8,4,105,0,11,0,4,0,6,0,97,3.985642837
us,2.239453077,Infrastructure,Transport facilities,1,0,2,0,8,3,0,0,0,0,0,0,0,0,0,0,0,0,0,0,0,0,0,0,0,0,0,0,0,0,0,0,0,0,12.88320694
us,11.87500286,Education School,Primary school,0,0,0,0,0,0,0,1,0,0,1,1,1,0,0,0,0,0,0,0,0,0,0,0,0,0,0,0,0,0,0,0,0,0,1.609471466
us,1.112880111,Shopping,Furniture_home building,3,1,18,5,5,34,0,1,0,0,1,0,0,0,0,0,0,0,0,0,0,0,0,0,0,0,0,0,0,0,0,0,0,0,30.73543707
us,2.209084749,Living Services,Life service establishments,1,0,4,4,9,5,0,1,1,1,0,0,0,0,0,1,0,0,0,0,0,0,0,0,0,0,0,0,0,0,0,0,0,0,9.603308407
us,4.564568043,Car,Parking lot,0,0,0,0,0,1,0,1,0,0,1,1,0,0,1,1,0,0,0,0,0,0,0,0,0,1,0,0,0,0,0,0,0,1,5.465816397
us,6.464410782,Corporate,Agriculture_forestry_animal husbandry and fishery,0,0,1,0,0,2,0,1,0,1,0,1,0,0,0,1,0,0,0,1,0,0,0,1,0,0,0,0,0,0,0,0,0,1,7.059331906
us,1.650186896,Living Services,Post Office Express,2,4,64,7,21,43,0,0,0,1,0,1,0,0,0,0,0,0,0,1,0,0,0,1,0,2,0,0,0,0,0,0,0,3,13.96832018
us,11.20069981,Shopping,Convenience Store,0,1,6,1,11,7,0,1,0,1,0,1,0,0,1,1,1,0,0,0,0,0,0,0,0,14,0,0,0,0,0,0,0,14,6.299602377
us,15.49445534,Car,Stations,10,5,236,548,824,1879,1,0,0,1,1,0,0,1,0,0,0,0,0,0,0,0,0,0,1,0,0,0,0,0,0,1,0,0,289.1109974
us,4.144892693,Food,Restaurant,0,0,8,6,10,13,0,0,1,0,1,1,0,0,0,0,0,0,1,0,0,0,0,0,1,1,0,0,0,0,0,1,0,1,20.3502682
us,6.140394688,Other,Other,3,0,11,9,15,35,0,1,1,1,1,1,0,0,1,1,0,1,0,1,0,0,0,2,0,9,0,0,0,0,0,1,0,10,4.582792959
us,8.29353714,Other,Other,0,0,6,3,6,14,0,1,0,1,1,1,0,0,1,0,0,0,0,0,0,0,0,0,3,1,0,0,0,0,0,3,0,1,27.34123927
us,9.639214516,Place Name Address,Traffic place names,0,0,3,1,4,2,0,1,0,0,1,1,0,0,1,1,0,0,0,0,0,0,0,0,4,0,0,0,0,0,0,4,0,0,6.203754566
us,3.847079277,Cultural venues,Other cultural venues,0,0,2,11,1,32,0,1,1,1,1,1,0,0,1,0,1,1,0,0,0,0,0,3,0,0,0,0,0,0,2,1,0,0,7.138852527
us,13.72641373,Shopping,Other Shopping,0,0,1,0,2,2,0,1,0,1,1,0,0,0,1,0,0,0,0,1,0,1,0,1,1,0,0,0,1,0,0,1,0,1,4.730753504
us,12.4615345,Shopping,Convenience Store,0,0,3,0,2,0,0,1,0,1,1,1,0,0,1,0,1,0,0,0,0,3,0,1,4,0,0,0,3,0,1,4,0,0,4.40616558
us,4.476901054,Corporate,Agriculture_forestry_animal husbandry and fishery,3,1,24,18,20,42,0,1,0,1,1,1,0,0,1,1,1,0,0,1,0,1,0,5,3,28,0,0,4,0,1,3,0,29,9.781740176
us,14.76803493,Other,Other,0,1,44,13,29,37,0,1,1,1,0,1,0,0,0,1,0,1,0,1,0,0,0,1,0,12,0,1,0,0,0,0,0,12,14.23872709
us,8.502759933,Shopping,Convenience Store,2,6,24,10,20,37,0,1,0,1,0,1,0,0,0,1,1,0,0,1,0,0,0,2,0,25,0,1,0,0,0,4,0,22,13.58924134
us,7.167152882,Shopping,Supermarket,1,2,18,3,9,15,0,1,0,1,0,1,1,0,0,0,0,0,0,1,0,0,0,3,0,38,0,1,0,0,0,4,0,36,8.602567843
us,1.015032411,Infrastructure,Transport facilities,0,1,11,7,7,14,0,1,0,1,1,1,0,0,1,1,1,0,0,0,0,0,0,2,5,25,0,1,0,0,2,6,0,23,37.28887404
us,4.421043396,Car,Auto Repair,1,0,9,10,14,25,0,1,0,1,0,1,0,0,1,0,0,0,0,0,0,1,0,0,0,5,0,1,1,0,0,0,0,4,7.466484961
us,8.850564003,Shopping,Furniture_home building,2,0,9,13,22,53,0,1,0,0,1,1,1,0,1,1,0,0,0,0,0,1,0,0,1,15,0,1,1,0,0,1,0,14,10.83610023
us,2.033330202,Tourist Attractions,Park,0,0,1,2,0,6,0,1,0,1,1,1,1,0,0,0,0,0,0,1,0,0,0,2,2,2,0,1,1,0,0,2,1,1,2.094558632
us,4.294099808,Place Name Address,Administrative place names,0,0,0,6,7,13,0,1,0,0,0,1,1,0,0,1,0,0,0,0,0,0,0,0,0,2,0,2,0,0,0,0,0,0,6.595503511
us,1.747055769,Shopping,Convenience Store,1,0,19,20,14,31,0,1,0,1,1,1,0,0,1,0,0,0,0,0,0,0,0,0,0,7,0,2,0,0,0,0,0,5,50.59311787
us,0.946067154,Infrastructure,Transport facilities,0,0,14,5,5,7,0,1,1,0,0,1,0,0,0,1,0,0,1,0,0,0,0,0,0,4,0,2,0,0,0,1,0,1,3.645231085
us,15.35845566,Living Services,Post Office Express,1,3,70,106,271,414,0,0,0,0,1,1,0,0,0,0,0,0,0,0,0,0,0,0,2,5,0,2,0,0,0,2,0,3,15.05658901
us,9.660258293,Other,null,3,1,27,8,28,30,0,1,0,1,1,1,0,0,1,0,1,0,0,1,0,0,0,7,0,93,0,2,0,0,1,6,0,91,8.083450667
us,3.701176405,Place Name Address,Administrative place names,0,0,11,8,13,17,0,1,0,1,0,1,1,0,1,1,1,0,0,0,0,0,0,3,0,49,0,2,0,0,3,10,0,37,8.36066667
us,13.31117153,Shopping,Furniture_home building,0,0,8,4,8,15,0,1,0,1,1,1,0,0,1,0,0,0,0,1,0,2,0,1,2,9,0,2,2,0,0,2,0,8,17.3756527
us,8.974663734,Shopping,Other Shopping,1,1,11,13,15,27,0,1,0,1,1,1,0,0,1,0,0,0,0,1,0,4,0,0,0,17,0,2,4,0,0,1,0,14,29.3386912
us,4.578938007,Infrastructure,Road accessories,1,4,50,6,28,31,0,1,1,1,0,1,0,0,0,0,0,0,0,1,0,2,0,0,0,1,0,3,0,0,0,0,0,0,6.95343269
us,7.987551689,Car,Parking lot,0,0,30,15,12,44,0,0,1,1,1,1,0,0,0,0,1,1,0,1,0,0,0,11,2,177,0,3,0,0,0,7,0,180,8.73137682
us,3.76665616,Car,Parking lot,0,0,6,2,4,4,0,1,0,1,1,1,1,0,1,0,1,0,0,0,0,0,0,1,0,3,0,3,0,0,1,0,0,0,4.193198134
us,4.416722298,Car,Auto Sales,1,0,4,9,17,25,0,1,0,1,1,1,1,0,1,1,1,0,0,1,0,0,0,2,0,90,0,3,0,0,2,0,0,87,7.562042384
us,1.110065341,Infrastructure,Road accessories,0,1,19,6,12,15,0,1,1,1,1,1,1,0,1,1,0,0,0,1,0,0,0,5,0,32,0,9,1,0,0,1,0,26,4.872707312
us,1.003511906,Shopping,Other Shopping,1,3,28,17,31,70,0,1,1,1,1,1,0,0,0,1,1,0,0,1,0,0,0,4,0,33,0,10,0,0,1,4,0,22,15.81376634
us,1.024713397,Infrastructure,Transport facilities,0,0,2,8,5,15,0,1,0,1,1,1,0,0,1,0,0,0,0,1,0,0,0,2,3,17,0,13,2,0,0,4,0,3,15.57640513
us,3.315204144,Tourist Attractions,Taoist temples,0,0,1,1,0,2,0,1,0,1,1,1,1,0,0,0,0,0,0,0,0,1,0,0,2,0,1,0,0,0,0,2,0,0,19.37705787
us,2.997334719,Shopping,Other Shopping,0,0,16,7,21,21,0,1,1,1,1,1,1,0,1,1,1,1,0,1,0,1,0,3,0,40,1,2,0,0,0,4,0,37,4.680089588
us,1.833332777,Shopping,Digital Home,2,0,14,6,7,11,0,1,0,1,1,1,1,0,0,0,1,0,0,1,0,0,0,12,0,28,1,2,0,0,6,10,0,21,16.4172433
us,8.657342911,Education School,High school,2,0,18,13,16,38,0,1,0,1,1,1,1,0,1,1,1,0,0,1,0,1,0,6,1,17,1,3,0,0,3,4,0,14,13.8519098
us,7.36474514,Infrastructure,Public facilities,1,0,7,0,7,8,0,1,0,1,1,1,0,0,1,0,1,0,0,0,0,0,0,4,2,12,1,3,0,0,3,5,0,6,10.68861263
us,9.570569992,Other,Other,5,3,73,29,42,89,0,1,0,1,1,1,1,0,1,1,1,0,0,1,0,2,0,6,3,31,2,5,2,0,1,9,0,23,11.32776159
us,4.214792728,Education School,University,4,4,20,28,29,59,0,1,1,1,1,1,1,0,1,1,1,1,0,1,0,1,1,7,2,873,2,812,0,0,3,13,0,54,20.17611094
us,8.815033913,Institutional entities,Public security agencies,0,0,38,22,28,45,0,1,1,1,1,1,1,0,1,0,1,0,0,1,0,3,1,2,11,4,0,0,3,1,1,11,1,4,12.71588542
us,6.272162914,Other,Other,0,0,16,9,14,24,0,1,1,1,1,1,0,0,1,0,0,0,0,1,0,4,1,6,10,8,0,0,4,1,0,11,0,13,20.12750837
us,1.877787352,Infrastructure,Road accessories,0,0,1,2,1,8,0,1,0,1,1,1,0,0,1,1,0,0,0,1,0,1,0,0,1,8,0,2,0,1,0,2,0,5,2.995188684
us,14.60310268,Living Services,Post Office Express,2,2,11,9,18,25,0,1,0,1,1,1,0,0,0,1,1,0,0,1,0,1,0,3,3,61,0,3,0,1,2,4,0,58,10.95312537
us,1.017579079,Infrastructure,Transport facilities,3,0,6,10,12,20,0,1,1,1,1,1,0,0,1,1,1,1,0,1,0,2,0,2,4,22,0,3,3,1,0,8,0,15,28.02545175
us,1.00112617,Other,Other,1,2,34,28,16,46,0,1,1,1,1,1,0,0,1,1,0,1,0,1,0,2,0,0,1,7,0,5,1,1,0,1,0,2,10.96298615
us,10.63030338,Infrastructure,Transport facilities,3,0,10,6,12,26,0,1,0,1,0,1,0,0,1,1,1,0,0,1,0,1,0,1,0,24,0,8,0,1,0,1,0,16,9.044347553
us,0.994876802,Infrastructure,Road accessories,0,1,10,5,12,29,0,1,0,1,1,1,0,0,1,1,1,0,0,0,0,3,0,4,3,36,0,9,3,1,3,8,0,22,10.14602006
us,1.957066774,Education School,University,0,1,20,26,21,55,0,1,1,1,1,1,1,0,1,1,1,1,0,1,0,1,2,4,1,52,0,11,0,1,2,12,0,34,10.2447644
us,1.041929722,Hotels,Hotels_guest houses,1,1,53,10,39,54,0,1,1,1,1,1,0,0,1,1,1,0,0,1,0,4,0,9,8,134,0,11,6,1,2,13,0,122,23.61308929
us,6.128885746,Institutional entities,Public security agencies,0,0,25,6,6,22,0,1,0,1,0,1,1,0,0,1,1,0,0,1,0,2,0,4,0,54,1,4,0,1,1,4,0,49,5.986273037
us,1.000271916,Sports and fitness,Sports complex,1,2,15,17,30,48,0,1,0,1,1,1,1,0,1,1,1,0,0,1,0,2,0,4,1,121,0,1,0,2,0,4,0,121,10.89505187
us,1.019498467,Car,Parking lot,2,2,28,20,23,54,0,1,1,1,1,1,0,0,1,1,0,1,0,1,0,8,3,10,21,54,0,1,13,2,0,29,0,51,69.47108368
us,1.339578032,Car,Parking lot,0,0,22,6,21,26,0,1,0,1,1,1,1,0,0,1,1,0,0,1,0,2,0,13,4,21,0,3,0,2,9,12,0,14,10.35462476
us,1,Living Services,Photographic prints,6,1,31,20,22,48,0,1,0,1,1,1,0,0,1,1,1,0,0,1,0,8,0,11,3,70,0,12,12,2,2,6,0,58,11.28990584
us,1.004077673,Infrastructure,Transport facilities,0,3,28,71,66,147,0,1,1,1,1,1,1,0,0,1,1,0,0,1,0,2,1,14,10,167,0,36,1,2,2,24,0,129,54.08046461
us,1,Infrastructure,Transport facilities,2,0,33,24,32,70,0,1,0,1,1,1,1,0,1,1,1,0,0,1,0,4,0,3,1,42,0,9,1,3,2,4,0,31,9.514726032
us,4,Car,Auto Repair,3,4,47,20,26,65,0,1,0,1,1,1,1,0,0,1,1,0,0,1,0,3,0,10,4,105,0,33,0,3,8,13,0,65,7.767738613
us,9.613549232,Other,Other,1,3,48,50,69,100,0,1,0,1,1,1,0,0,0,1,0,0,0,0,0,4,0,1,0,15,0,2,0,4,0,1,0,13,24.62025909
us,6.979337692,Other,Other,1,1,3,9,10,22,0,1,0,1,1,1,0,0,1,1,1,0,0,1,0,5,0,22,3,167,0,18,1,4,12,14,0,148,18.59350826
us,1.023696661,Residential real estate,Residences,8,0,53,68,92,166,0,1,1,1,1,1,0,0,1,1,1,0,0,1,0,3,1,39,22,180,0,38,8,4,16,36,0,143,96.66367853
us,10.05371952,Shopping,Furniture_home building,1,0,117,142,193,420,0,1,0,1,1,1,1,0,1,1,1,0,0,1,0,16,0,29,46,1424,3,39,14,4,3,65,0,1387,137.2026772
us,1.023383498,Other,Other,6,1,81,50,68,125,0,1,1,1,1,1,1,0,1,1,1,1,0,1,0,6,0,20,11,263,7,36,4,4,6,35,0,208,57.19619071
us,2.26378727,Place Name Address,Road name,0,5,47,23,53,78,0,1,1,1,1,1,1,0,1,1,1,0,0,1,0,7,0,11,2,134,0,23,3,5,1,8,0,114,10.20382915
us,1.20550561,Residential real estate,Residences,0,4,22,49,27,122,0,1,1,1,1,1,1,0,1,1,1,0,0,1,0,10,0,6,11,33,0,7,4,6,1,14,0,28,58.80647348
us,0.999902844,Living Services,Funeral,4,0,59,38,61,133,0,1,1,1,1,1,1,0,0,1,1,0,0,1,0,5,0,6,1,181,0,117,1,6,0,9,0,60,12.31661001
us,1,Place Name Address,Traffic place names,2,9,186,100,154,265,0,1,1,1,1,1,1,0,1,1,1,0,0,1,0,11,0,31,16,507,3,32,6,8,12,37,0,467,35.1926626
us,1.007051229,Healthcare,General Hospital,3,3,108,36,75,118,0,1,1,1,1,1,1,0,0,1,1,1,0,1,0,11,0,9,4,173,1,33,1,10,0,11,0,141,13.97428294
us,1,Shopping,Fashion shoes and bags,1,6,126,71,79,229,0,1,1,1,1,1,1,0,1,1,1,0,0,1,0,10,2,22,11,438,2,15,2,12,7,22,0,423,10.15155318
us,1.085330963,Residential real estate,Residences,5,2,396,279,358,759,0,1,1,1,1,1,1,0,1,1,1,1,0,1,0,51,7,55,42,1159,5,68,9,48,15,111,0,1058,101.4297724
tr,1.00647914409637,Infrastructure,Public facilities,3,1,32,21,41,57,0,1,1,1,1,1,1,0,1,1,0,1,0,1,0,1,0,11,1,311,0,148,5,0,0,8,0,163,7.05037399453794
tr,2.00421738624573,Infrastructure,Road accessories,1,4,46,22,33,72,0,1,1,1,1,1,1,0,0,1,1,0,0,1,0,11,0,17,23,341,1,123,5,15,11,30,0,207,20.6705767635177
tr,1.00393712520599,Infrastructure,Road accessories,1,3,124,26,59,104,0,1,1,1,1,1,1,0,1,1,1,0,0,1,0,10,0,23,20,346,0,107,1,10,17,35,0,229,24.0662729049895
ma,8.25746917724609,NULL,NULL,0,0,22,45,33,116,0,1,1,1,1,1,1,0,1,1,1,0,0,1,0,11,4,60,19,289,6,61,38,4,18,32,0,224,433.530509312982
ma,1.00036919116974,Infrastructure,Road accessories,0,0,14,17,63,114,0,1,1,1,1,1,1,0,0,1,1,0,0,1,0,1,0,33,91,273,3,9,13,2,4,107,0,260,4.77969987005652
of,1,Other,Other,0,1,24,45,71,191,0,1,1,1,1,1,1,0,0,1,1,1,0,1,0,1,0,28,71,243,1,13,10,1,4,117,0,197,2.91116201778857
of,1.00036919116974,Sports and fitness,Sports complex,2,5,84,93,145,335,0,1,1,1,1,1,1,0,1,1,1,1,0,1,0,4,9,36,35,320,1,21,7,4,13,103,0,255,9.35088752529208
of,1,Healthcare,General Hospital,3,2,32,29,48,104,0,1,1,1,1,1,1,0,0,1,1,0,0,1,0,4,2,24,47,320,1,11,3,7,10,83,0,282,10.4653008962707
of,1.01403701305389,Education School,University,0,12,242,124,168,358,0,1,1,1,1,1,0,0,1,1,1,1,0,1,0,12,6,24,17,136,0,28,6,11,9,52,0,89,40.1145357167467
co,9.57895183563232,Shopping,Farmers Market,1,0,30,40,45,108,0,1,0,1,1,1,0,0,0,1,1,0,0,1,0,6,0,4,20,306,0,20,1,6,1,31,0,277,9.07406021981024
co,1.00031089782715,Living Services,Beauty salons,2,1,39,30,94,164,0,1,0,1,1,1,1,0,0,1,1,0,0,1,0,3,0,21,5,552,1,10,0,5,1,29,0,535,6.87504620645244
co,1,Shopping,Other Shopping,0,0,17,16,82,143,0,1,1,1,1,1,1,0,1,1,1,1,0,1,0,0,6,11,14,290,1,16,2,6,0,26,0,270,5.58719815076634
co,5.50618457794189,Car,Parking lot,1,1,14,16,18,41,0,1,0,1,1,1,0,0,0,1,1,0,0,1,0,5,0,9,3,274,0,8,0,5,3,11,0,264,9.71722750785073
res,1.0045565366745,Residential real estate,Residences,15,23,368,171,242,612,0,1,1,1,1,1,1,0,1,1,1,1,0,1,0,13,9,69,19,457,2,41,3,18,20,80,0,403,45.1297736777975
res,1.00223410129547,Residential real estate,Residences,14,6,174,90,128,284,0,1,1,1,1,1,1,0,1,1,1,0,0,1,0,33,2,45,28,411,0,73,0,35,33,64,0,314,21.1848576417087
res,1.00019419193268,Residential real estate,Residences,1,4,137,89,115,273,0,1,1,1,1,1,1,0,0,1,1,1,0,1,0,18,2,17,39,331,3,32,0,19,6,58,0,289,15.2049480396188
res,1.02288997173309,Residential real estate,Residences,4,0,26,7,20,32,0,1,0,1,1,1,1,0,0,1,1,0,0,1,0,20,0,18,28,206,2,31,5,20,0,50,0,164,9.81115369926922
res,1.02712261676788,Residential real estate,Residences,8,8,251,160,199,528,0,1,1,1,1,1,1,0,1,1,1,1,0,1,0,48,2,32,13,630,2,91,0,48,4,49,0,531,34.9942500405841
res,1.007927775383,Residential real estate,Residences,10,8,120,68,97,232,0,1,1,1,1,1,1,0,1,1,1,1,0,1,0,20,5,25,8,170,2,48,7,20,10,36,0,105,46.4966765680595
res,1.05436956882477,Residential real estate,Residences,0,0,34,31,51,82,0,1,1,1,1,1,1,0,1,1,1,0,0,1,0,21,0,46,22,366,3,29,4,21,22,33,0,343,16.2874808470316
res,5.40007972717285,Residential real estate,Residences,13,5,117,51,105,181,0,1,0,1,1,1,1,0,0,1,1,0,0,1,0,21,0,31,8,475,4,69,0,22,12,32,0,396,36.4383054815288
res,1.02888321876526,Residential real estate,Residences,12,1,95,48,56,115,0,1,1,1,1,1,1,0,1,1,1,1,0,1,0,23,4,22,8,296,0,55,4,25,2,27,0,240,25.0309698959789
res,1.00073838233948,Residential real estate,Residences,5,10,169,97,129,328,0,1,1,1,1,1,1,0,1,1,1,1,0,1,0,13,6,21,4,202,1,13,1,19,5,22,0,185,14.291185944055
res,1.00815272331238,Residential real estate,Residences,1,8,70,48,48,119,0,1,1,1,1,1,1,0,1,1,1,1,0,1,0,7,9,11,3,113,0,22,0,14,4,16,0,87,8.62555859465477
res,1,Residential real estate,Residences,5,5,64,71,68,231,0,1,1,1,1,1,1,0,0,1,1,0,0,1,0,15,5,29,1,341,3,28,1,19,18,13,0,309,12.8901552473359
res,11.1114311218262,Residential real estate,Residences,1,4,81,61,64,158,0,1,1,1,1,1,0,0,1,1,1,0,0,1,0,12,1,13,15,564,4,42,0,12,3,35,1,508,23.7645598122542
res,1.06707608699799,Residential real estate,Residences,3,1,94,70,71,198,0,1,1,1,1,1,0,0,1,1,1,1,0,1,0,15,0,25,6,319,3,30,2,13,5,27,0,285,19.371526094423
res,2.34003233909607,Residential real estate,Residences,9,1,86,116,100,388,0,1,1,1,1,1,1,0,1,1,1,1,0,1,0,14,0,14,10,216,2,17,7,13,3,21,0,191,23.7747067693422
res,1.40586936473846,Residential real estate,Residences,3,2,33,6,33,43,0,1,1,1,1,1,0,0,0,1,1,0,0,1,0,9,2,10,3,198,0,40,0,11,9,18,0,144,17.3221038658255
res,1.00605511665344,Residential real estate,Residences,7,3,208,106,135,313,0,1,1,1,1,1,1,0,0,1,1,0,0,1,0,17,0,19,4,145,1,35,0,16,15,17,0,101,25.129243918285
res,1.00529265403748,Residential real estate,Residences,5,1,25,23,17,56,0,1,1,1,1,1,0,0,1,1,1,1,0,1,0,8,2,14,4,93,0,17,0,11,4,14,0,75,6.495456387283
res,8.15120124816895,Residential real estate,Residences,4,2,25,15,25,45,0,1,0,1,1,1,0,0,0,1,0,0,0,1,0,12,0,3,9,149,0,13,0,12,0,14,0,134,21.1431432904627
res,8.12808990478516,Residential real estate,Residences,10,6,101,36,83,147,0,1,0,1,1,1,1,0,0,1,1,0,0,1,0,11,0,3,0,161,0,52,0,11,0,11,0,101,18.315472945644
res,9.82686328887939,Residential real estate,Residences,13,2,29,15,31,73,0,1,0,1,1,1,1,0,1,1,0,0,0,1,0,14,0,16,2,481,2,244,0,13,0,8,0,246,9.72863405318034
res,6.46263313293457,Residential real estate,Residences,4,3,93,50,47,114,0,1,0,1,1,1,0,0,0,1,0,0,0,1,0,11,0,4,2,42,0,8,0,11,0,8,0,32,10.5628255077002
res,1.0000194311142,Residential real estate,Residences,3,2,62,29,32,79,0,1,1,1,1,1,0,0,1,1,1,0,0,1,0,6,4,6,1,88,0,10,1,10,3,7,0,74,6.51492146938802
res,6.40842914581299,Residential real estate,Residences,8,1,55,23,61,82,0,1,0,1,1,1,0,0,0,1,1,0,0,1,0,10,0,3,1,94,1,5,1,10,0,4,0,87,9.6462477393329
re,4.26438570022583,Tourist Attractions,Park,3,0,10,3,5,16,0,1,0,1,1,1,1,0,0,1,1,0,0,1,0,3,0,3,1,12,5,3,0,0,2,2,0,7,2.52719709526304
re,3.21739459037781,Recreation,Outdoor activities,0,0,0,1,1,1,0,1,1,0,0,1,1,0,0,0,0,0,0,0,0,3,0,0,0,3,4,0,0,0,0,0,0,2,1.60909989513311